{
  "pose": {
    "x": -174.1092906251562,
    "y": -7.108175943547749,
    "z": -21.071624032336857,
    "q_x": -0.41319618287421195,
    "q_y": 0.6841549922565141,
    "q_z": 0.5958965680781705,
    "q_w": -0.0781545979538522
  },
  "matrix": [
    [
      -0.6463215465537051,
      -0.4722363491889958,
      -0.5993840913513435,
      -174.1092906251562
    ],
    [
      -0.6585245759899148,
      -0.051647610778321695,
      0.7507848607412072,
      -7.108175943547749
    ],
    [
      -0.3855046579196286,
      0.879957586935609,
      -0.27759827794266,
      -21.071624032336857
    ],
    [
      0.0,
      0.0,
      0.0,
      1.0
    ]
  ],
  "count": 4041,
  "timestamp": 1771346637.3714063
}