{
  "pose": {
    "x": 3.83239972448187,
    "y": 4.8106720030630905,
    "z": 1.1712774592074695,
    "q_x": 0.7899184294090125,
    "q_y": -0.03656093699446159,
    "q_z": -0.08441773831921824,
    "q_w": 0.6062720661742167
  },
  "matrix": [
    [
      0.98307388668631,
      0.04459991740831963,
      -0.1776980041605509,
      3.83239972448187
    ],
    [
      -0.16012054912186752,
      -0.26219495932586645,
      -0.9516381733899805,
      4.8106720030630905
    ],
    [
      -0.08903450490896056,
      0.963983739837596,
      -0.2506156544678285,
      1.1712774592074695
    ],
    [
      0.0,
      0.0,
      0.0,
      1.0
    ]
  ],
  "count": 335,
  "timestamp": 1771276516.6159968
}