{
  "pose": {
    "x": 0.8211750300778233,
    "y": -0.038710267306810126,
    "z": -0.021177957112301252,
    "q_x": 0.2144159231669416,
    "q_y": 0.9765653080701832,
    "q_z": -0.016340303106950456,
    "q_w": -0.008888501596417894
  },
  "matrix": [
    [
      -0.9078936128636774,
      0.41849182250484995,
      -0.024367646950585166,
      0.8211750300778233
    ],
    [
      0.41907278574585827,
      0.9075176127736826,
      -0.02810307372446493,
      -0.038710267306810126
    ],
    [
      0.010353162248567459,
      -0.035726418825932034,
      -0.999307978067487,
      -0.021177957112301252
    ],
    [
      0.0,
      0.0,
      0.0,
      1.0
    ]
  ],
  "count": 1209,
  "timestamp": 1771344092.329269
}