{
  "pose": {
    "x": 1.5473387885427814,
    "y": 1.0200071209705117,
    "z": -0.005011069697541141,
    "q_x": 0.8085837099613989,
    "q_y": 0.5882967864816875,
    "q_z": 0.005899257537442176,
    "q_w": -0.008029555460120005
  },
  "matrix": [
    [
      0.3077441795516538,
      0.9514691331746045,
      9.256374315531023e-05,
      1.5473387885427814
    ],
    [
      0.9512796595123229,
      -0.30768483450886563,
      0.01992616399037949,
      1.0200071209705117
    ],
    [
      0.01898761043941565,
      -0.006044106982759074,
      -0.9998014499992396,
      -0.005011069697541141
    ],
    [
      0.0,
      0.0,
      0.0,
      1.0
    ]
  ],
  "count": 364,
  "timestamp": 1771274694.9730685
}