{
  "pose": {
    "x": 0.21570676657824522,
    "y": -0.14167956700756978,
    "z": 0.009662279223159513,
    "q_x": 0.5422372921757768,
    "q_y": 0.8383772218753931,
    "q_z": 0.008796279305627461,
    "q_w": 0.054999802588343014
  },
  "matrix": [
    [
      -0.4059074813782495,
      0.9082312019724843,
      0.10176050473923065,
      0.21570676657824522
    ],
    [
      0.91016637647377,
      0.41180268888851757,
      -0.04489668763722686,
      -0.14167956700756978
    ],
    [
      -0.08268182205160962,
      0.07439508846559471,
      -0.9937952943712414,
      0.009662279223159513
    ],
    [
      0.0,
      0.0,
      0.0,
      1.0
    ]
  ],
  "count": 2509,
  "timestamp": 1771099576.03144,
  "start_pose": {
    "x": 0.0,
    "y": 0.0,
    "z": 0.0,
    "q_x": 0.0,
    "q_y": 0.0,
    "q_z": 0.0,
    "q_w": 1.0
  },
  "goal_pose": {
    "x": 0.0,
    "y": 0.0,
    "z": 0.0,
    "q_x": 0.0,
    "q_y": 0.0,
    "q_z": 0.7071067811865475,
    "q_w": 0.7071067811865476
  }
}